ID_MOEDA,DATA_REF,VLR_COTACAO
USD,1/6/2000,7.42961061
USD,1/5/2000,3.832602799
USD,1/3/2000,3.231947362
USD,1/4/2000,7.685800552
JPY,3/20/2000,2.949732125
JPY,3/28/2000,1.081000268
JPY,3/17/2000,7.599556923
JPY,3/22/2000,7.344179332
JPY,3/14/2000,5.915626109
JPY,3/16/2000,6.498650968
JPY,3/30/2000,5.658649266
JPY,3/21/2000,6.50302732
JPY,3/13/2000,6.32780385
JPY,3/29/2000,1.857880116
JPY,3/23/2000,1.380110502
JPY,3/24/2000,6.406655371
JPY,3/15/2000,5.403441072
JPY,3/27/2000,1.486505628
